duration,src_bytes,dst_bytes,land,wrong_fragment,urgent,hot,num_failed_logins,logged_in,num_compromised,root_shell,su_attempted,num_root,num_file_creations,num_shells,num_access_files,num_outbound_cmds,is_host_login,is_guest_login,count,srv_count,serror_rate,srv_serror_rate,rerror_rate,srv_rerror_rate,same_srv_rate,diff_srv_rate,srv_diff_host_rate,dst_host_count,dst_host_srv_count,dst_host_same_srv_rate,dst_host_diff_srv_rate,dst_host_same_src_port_rate,dst_host_srv_diff_host_rate,dst_host_serror_rate,dst_host_srv_serror_rate,dst_host_rerror_rate,dst_host_srv_rerror_rate,predictions,connection_key
0.006945,585,60,0,0,0,1,0,0,0,0,0,0,0,0,0,0,0,0,1,1,0,0,0,0,0,0,0,0,0,0,0,0,0,0,0,0,0,normal,192.168.65.1_33094_192.168.65.7_2376
0.005894,959,60,0,0,0,1,0,0,0,0,0,0,0,0,0,0,0,0,1,1,0,0,0,0,0,0,0,0,0,0,0,0,0,0,0,0,0,normal,192.168.65.7_2376_192.168.65.1_33094
0.007849,481,60,0,0,0,1,0,0,0,0,0,0,0,0,0,0,0,0,1,1,0,0,0,0,0,0,0,0,0,0,0,0,0,0,0,0,0,normal,192.168.65.1_34945_192.168.65.7_2376
0.005941,1382,60,0,0,0,1,0,0,0,0,0,0,0,0,0,0,0,0,1,1,0,0,0,0,0,0,0,0,0,0,0,0,0,0,0,0,0,normal,192.168.65.7_2376_192.168.65.1_34945
0.005823,473,52,0,0,0,1,0,0,0,0,0,0,0,0,0,0,0,0,1,1,0,0,0,0,0,0,0,0,0,0,0,0,0,0,0,0,0,normal,192.168.65.1_21859_192.168.65.7_2376
0.005541,473,52,0,0,0,1,0,0,0,0,0,0,0,0,0,0,0,0,1,1,0,0,0,0,0,0,0,0,0,0,0,0,0,0,0,0,0,normal,192.168.65.1_29257_192.168.65.7_2376
0.004675,1988,52,0,0,0,1,0,0,0,0,0,0,0,0,0,0,0,0,1,1,0,0,0,0,0,0,0,0,0,0,0,0,0,0,0,0,0,normal,192.168.65.7_2376_192.168.65.1_21859
0.004073,1151,52,0,0,0,1,0,0,0,0,0,0,0,0,0,0,0,0,1,1,0,0,0,0,0,0,0,0,0,0,0,0,0,0,0,0,0,normal,192.168.65.7_2376_192.168.65.1_29257
58.004605,260,52,0,0,0,1,0,0,0,0,0,0,0,0,0,0,0,0,1,1,0,0,0,0,0,0,0,0,0,0,0,0,0,0,0,0,0,normal,192.168.65.7_2376_192.168.65.1_59823
58.004318,260,52,0,0,0,1,0,0,0,0,0,0,0,0,0,0,0,0,1,1,0,0,0,0,0,0,0,0,0,0,0,0,0,0,0,0,0,normal,192.168.65.1_59823_192.168.65.7_2376
0.003486,414,60,0,0,0,1,0,0,0,0,0,0,0,0,0,0,0,0,1,1,0,0,0,0,0,0,0,0,0,0,0,0,0,0,0,0,0,normal,192.168.65.1_29579_192.168.65.7_2376
0.003006,513,60,0,0,0,1,0,0,0,0,0,0,0,0,0,0,0,0,1,1,0,0,0,0,0,0,0,0,0,0,0,0,0,0,0,0,0,normal,192.168.65.7_2376_192.168.65.1_29579
2.065198,536,60,0,0,0,1,0,0,0,0,0,0,0,0,0,0,0,0,1,1,0,0,0,0,0,0,0,0,0,0,0,0,0,0,0,0,0,normal,192.168.65.1_32602_192.168.65.7_2376
2.063985,486,60,0,0,0,1,0,0,0,0,0,0,0,0,0,0,0,0,1,1,0,0,0,0,0,0,0,0,0,0,0,0,0,0,0,0,0,normal,192.168.65.7_2376_192.168.65.1_32602
0.02841,487,60,0,0,0,1,0,0,0,0,0,0,0,0,0,0,0,0,1,1,0,0,0,0,0,0,0,0,0,0,0,0,0,0,0,0,0,normal,192.168.65.1_42122_192.168.65.7_2376
0.027894,8026,60,0,0,0,1,0,0,0,0,0,0,0,0,0,0,0,0,1,1,0,0,0,0,0,0,0,0,0,0,0,0,0,0,0,0,0,normal,192.168.65.7_2376_192.168.65.1_42122
1.012509,560,60,0,0,0,1,0,0,0,0,0,0,0,0,0,0,0,0,1,1,0,0,0,0,0,0,0,0,0,0,0,0,0,0,0,0,0,normal,192.168.65.1_30956_192.168.65.7_2376
1.012055,2355,60,0,0,0,1,0,0,0,0,0,0,0,0,0,0,0,0,1,1,0,0,0,0,0,0,0,0,0,0,0,0,0,0,0,0,0,normal,192.168.65.7_2376_192.168.65.1_30956
2.022449,560,60,0,0,0,1,0,0,0,0,0,0,0,0,0,0,0,0,1,1,0,0,0,0,0,0,0,0,0,0,0,0,0,0,0,0,0,normal,192.168.65.1_60578_192.168.65.7_2376
2.021339,2515,60,0,0,0,1,0,0,0,0,0,0,0,0,0,0,0,0,1,1,0,0,0,0,0,0,0,0,0,0,0,0,0,0,0,0,0,normal,192.168.65.7_2376_192.168.65.1_60578
2.01111,560,60,0,0,0,1,0,0,0,0,0,0,0,0,0,0,0,0,1,1,0,0,0,0,0,0,0,0,0,0,0,0,0,0,0,0,0,normal,192.168.65.1_16456_192.168.65.7_2376
2.009963,2503,60,0,0,0,1,0,0,0,0,0,0,0,0,0,0,0,0,1,1,0,0,0,0,0,0,0,0,0,0,0,0,0,0,0,0,0,normal,192.168.65.7_2376_192.168.65.1_16456
0.770541,543,60,0,0,0,1,0,0,0,0,0,0,0,0,0,0,0,0,1,1,0,0,0,0,0,0,0,0,0,0,0,0,0,0,0,0,0,normal,192.168.65.1_55868_192.168.65.7_2376
0.769406,6389,60,0,0,0,1,0,0,0,0,0,0,0,0,0,0,0,0,1,1,0,0,0,0,0,0,0,0,0,0,0,0,0,0,0,0,0,normal,192.168.65.7_2376_192.168.65.1_55868
57.995155,260,52,0,0,0,1,0,0,0,0,0,0,0,0,0,0,0,0,1,1,0,0,0,0,0,0,0,0,0,0,0,0,0,0,0,0,0,normal,192.168.65.7_2376_192.168.65.1_30333
57.995164,260,52,0,0,0,1,0,0,0,0,0,0,0,0,0,0,0,0,1,1,0,0,0,0,0,0,0,0,0,0,0,0,0,0,0,0,0,normal,192.168.65.7_2376_192.168.65.1_49116
57.993064,260,52,0,0,0,1,0,0,0,0,0,0,0,0,0,0,0,0,1,1,0,0,0,0,0,0,0,0,0,0,0,0,0,0,0,0,0,normal,192.168.65.1_30333_192.168.65.7_2376
57.992988,260,52,0,0,0,1,0,0,0,0,0,0,0,0,0,0,0,0,1,1,0,0,0,0,0,0,0,0,0,0,0,0,0,0,0,0,0,normal,192.168.65.1_49116_192.168.65.7_2376
57.987502,260,52,0,0,0,1,0,0,0,0,0,0,0,0,0,0,0,0,1,1,0,0,0,0,0,0,0,0,0,0,0,0,0,0,0,0,0,normal,192.168.65.7_2376_192.168.65.1_17273
57.986502,260,52,0,0,0,1,0,0,0,0,0,0,0,0,0,0,0,0,1,1,0,0,0,0,0,0,0,0,0,0,0,0,0,0,0,0,0,normal,192.168.65.7_2376_192.168.65.1_54046
57.98788,260,52,0,0,0,1,0,0,0,0,0,0,0,0,0,0,0,0,1,1,0,0,0,0,0,0,0,0,0,0,0,0,0,0,0,0,0,normal,192.168.65.1_17273_192.168.65.7_2376
57.987571,260,52,0,0,0,1,0,0,0,0,0,0,0,0,0,0,0,0,1,1,0,0,0,0,0,0,0,0,0,0,0,0,0,0,0,0,0,normal,192.168.65.1_54046_192.168.65.7_2376
57.997014,260,52,0,0,0,1,0,0,0,0,0,0,0,0,0,0,0,0,1,1,0,0,0,0,0,0,0,0,0,0,0,0,0,0,0,0,0,normal,192.168.65.7_2376_192.168.65.1_53688
57.99681,260,52,0,0,0,1,0,0,0,0,0,0,0,0,0,0,0,0,1,1,0,0,0,0,0,0,0,0,0,0,0,0,0,0,0,0,0,normal,192.168.65.1_53688_192.168.65.7_2376
0.036775,484,60,0,0,0,1,0,0,0,0,0,0,0,0,0,0,0,0,1,1,0,0,0,0,0,0,0,0,0,0,0,0,0,0,0,0,0,normal,192.168.65.1_65354_192.168.65.7_2376
0.03619,8026,60,0,0,0,1,0,0,0,0,0,0,0,0,0,0,0,0,1,1,0,0,0,0,0,0,0,0,0,0,0,0,0,0,0,0,0,normal,192.168.65.7_2376_192.168.65.1_65354
46.663096,1639,52,0,0,0,1,0,0,0,0,0,0,0,0,0,0,0,0,1,1,0,0,0,0,0,0,0,0,0,0,0,0,0,0,0,0,0,normal,192.168.65.7_2376_192.168.65.1_26407
46.663637,1639,52,0,0,0,1,0,0,0,0,0,0,0,0,0,0,0,0,1,1,0,0,0,0,0,0,0,0,0,0,0,0,0,0,0,0,0,normal,192.168.65.7_2376_192.168.65.1_47279
46.662985,260,52,0,0,0,1,0,0,0,0,0,0,0,0,0,0,0,0,1,1,0,0,0,0,0,0,0,0,0,0,0,0,0,0,0,0,0,normal,192.168.65.1_47279_192.168.65.7_2376
46.662923,260,52,0,0,0,1,0,0,0,0,0,0,0,0,0,0,0,0,1,1,0,0,0,0,0,0,0,0,0,0,0,0,0,0,0,0,0,normal,192.168.65.1_26407_192.168.65.7_2376
46.637962,1639,52,0,0,0,1,0,0,0,0,0,0,0,0,0,0,0,0,1,1,0,0,0,0,0,0,0,0,0,0,0,0,0,0,0,0,0,normal,192.168.65.7_2376_192.168.65.1_36176
46.637344,260,52,0,0,0,1,0,0,0,0,0,0,0,0,0,0,0,0,1,1,0,0,0,0,0,0,0,0,0,0,0,0,0,0,0,0,0,normal,192.168.65.1_36176_192.168.65.7_2376
0.004741,414,60,0,0,0,1,0,0,0,0,0,0,0,0,0,0,0,0,1,1,0,0,0,0,0,0,0,0,0,0,0,0,0,0,0,0,0,normal,192.168.65.1_41425_192.168.65.7_2376
0.004016,513,60,0,0,0,1,0,0,0,0,0,0,0,0,0,0,0,0,1,1,0,0,0,0,0,0,0,0,0,0,0,0,0,0,0,0,0,normal,192.168.65.7_2376_192.168.65.1_41425
2.068807,588,60,0,0,0,1,0,0,0,0,0,0,0,0,0,0,0,0,1,1,0,0,0,0,0,0,0,0,0,0,0,0,0,0,0,0,0,normal,192.168.65.1_33376_192.168.65.7_2376
2.067857,486,60,0,0,0,1,0,0,0,0,0,0,0,0,0,0,0,0,1,1,0,0,0,0,0,0,0,0,0,0,0,0,0,0,0,0,0,normal,192.168.65.7_2376_192.168.65.1_33376
0.03037,591,60,0,0,0,1,0,0,0,0,0,0,0,0,0,0,0,0,1,1,0,0,0,0,0,0,0,0,0,0,0,0,0,0,0,0,0,normal,192.168.65.1_31027_192.168.65.7_2376
0.029741,8026,60,0,0,0,1,0,0,0,0,0,0,0,0,0,0,0,0,1,1,0,0,0,0,0,0,0,0,0,0,0,0,0,0,0,0,0,normal,192.168.65.7_2376_192.168.65.1_31027
1.022677,612,60,0,0,0,1,0,0,0,0,0,0,0,0,0,0,0,0,1,1,0,0,0,0,0,0,0,0,0,0,0,0,0,0,0,0,0,normal,192.168.65.1_27872_192.168.65.7_2376
1.02071,2355,60,0,0,0,1,0,0,0,0,0,0,0,0,0,0,0,0,1,1,0,0,0,0,0,0,0,0,0,0,0,0,0,0,0,0,0,normal,192.168.65.7_2376_192.168.65.1_27872
2.023868,664,60,0,0,0,1,0,0,0,0,0,0,0,0,0,0,0,0,1,1,0,0,0,0,0,0,0,0,0,0,0,0,0,0,0,0,0,normal,192.168.65.1_41226_192.168.65.7_2376
2.022578,2503,60,0,0,0,1,0,0,0,0,0,0,0,0,0,0,0,0,1,1,0,0,0,0,0,0,0,0,0,0,0,0,0,0,0,0,0,normal,192.168.65.7_2376_192.168.65.1_41226
2.012901,664,60,0,0,0,1,0,0,0,0,0,0,0,0,0,0,0,0,1,1,0,0,0,0,0,0,0,0,0,0,0,0,0,0,0,0,0,normal,192.168.65.1_51925_192.168.65.7_2376
2.011922,2515,60,0,0,0,1,0,0,0,0,0,0,0,0,0,0,0,0,1,1,0,0,0,0,0,0,0,0,0,0,0,0,0,0,0,0,0,normal,192.168.65.7_2376_192.168.65.1_51925
57.982634,260,52,0,0,0,1,0,0,0,0,0,0,0,0,0,0,0,0,1,1,0,0,0,0,0,0,0,0,0,0,0,0,0,0,0,0,0,normal,192.168.65.7_2376_192.168.65.1_52896
57.982637,260,52,0,0,0,1,0,0,0,0,0,0,0,0,0,0,0,0,1,1,0,0,0,0,0,0,0,0,0,0,0,0,0,0,0,0,0,normal,192.168.65.7_2376_192.168.65.1_46987
57.981819,260,52,0,0,0,1,0,0,0,0,0,0,0,0,0,0,0,0,1,1,0,0,0,0,0,0,0,0,0,0,0,0,0,0,0,0,0,normal,192.168.65.1_52896_192.168.65.7_2376
57.981753,260,52,0,0,0,1,0,0,0,0,0,0,0,0,0,0,0,0,1,1,0,0,0,0,0,0,0,0,0,0,0,0,0,0,0,0,0,normal,192.168.65.1_46987_192.168.65.7_2376
57.978666,260,52,0,0,0,1,0,0,0,0,0,0,0,0,0,0,0,0,1,1,0,0,0,0,0,0,0,0,0,0,0,0,0,0,0,0,0,normal,192.168.65.7_2376_192.168.65.1_52965
57.97955,260,52,0,0,0,1,0,0,0,0,0,0,0,0,0,0,0,0,1,1,0,0,0,0,0,0,0,0,0,0,0,0,0,0,0,0,0,normal,192.168.65.1_52965_192.168.65.7_2376
0.005261,414,60,0,0,0,1,0,0,0,0,0,0,0,0,0,0,0,0,1,1,0,0,0,0,0,0,0,0,0,0,0,0,0,0,0,0,0,normal,192.168.65.1_38908_192.168.65.7_2376
0.003698,513,60,0,0,0,1,0,0,0,0,0,0,0,0,0,0,0,0,1,1,0,0,0,0,0,0,0,0,0,0,0,0,0,0,0,0,0,normal,192.168.65.7_2376_192.168.65.1_38908
2.117582,536,60,0,0,0,1,0,0,0,0,0,0,0,0,0,0,0,0,1,1,0,0,0,0,0,0,0,0,0,0,0,0,0,0,0,0,0,normal,192.168.65.1_63966_192.168.65.7_2376
2.116725,486,60,0,0,0,1,0,0,0,0,0,0,0,0,0,0,0,0,1,1,0,0,0,0,0,0,0,0,0,0,0,0,0,0,0,0,0,normal,192.168.65.7_2376_192.168.65.1_63966
0.032989,539,60,0,0,0,1,0,0,0,0,0,0,0,0,0,0,0,0,1,1,0,0,0,0,0,0,0,0,0,0,0,0,0,0,0,0,0,normal,192.168.65.1_47899_192.168.65.7_2376
0.0325,8026,60,0,0,0,1,0,0,0,0,0,0,0,0,0,0,0,0,1,1,0,0,0,0,0,0,0,0,0,0,0,0,0,0,0,0,0,normal,192.168.65.7_2376_192.168.65.1_47899
1.053627,664,60,0,0,0,1,0,0,0,0,0,0,0,0,0,0,0,0,1,1,0,0,0,0,0,0,0,0,0,0,0,0,0,0,0,0,0,normal,192.168.65.1_48766_192.168.65.7_2376
1.052514,2503,60,0,0,0,1,0,0,0,0,0,0,0,0,0,0,0,0,1,1,0,0,0,0,0,0,0,0,0,0,0,0,0,0,0,0,0,normal,192.168.65.7_2376_192.168.65.1_48766
1.055789,560,60,0,0,0,1,0,0,0,0,0,0,0,0,0,0,0,0,1,1,0,0,0,0,0,0,0,0,0,0,0,0,0,0,0,0,0,normal,192.168.65.1_45046_192.168.65.7_2376
1.05524,2355,60,0,0,0,1,0,0,0,0,0,0,0,0,0,0,0,0,1,1,0,0,0,0,0,0,0,0,0,0,0,0,0,0,0,0,0,normal,192.168.65.7_2376_192.168.65.1_45046
2.062179,560,60,0,0,0,1,0,0,0,0,0,0,0,0,0,0,0,0,1,1,0,0,0,0,0,0,0,0,0,0,0,0,0,0,0,0,0,normal,192.168.65.1_38314_192.168.65.7_2376
2.061474,2517,60,0,0,0,1,0,0,0,0,0,0,0,0,0,0,0,0,1,1,0,0,0,0,0,0,0,0,0,0,0,0,0,0,0,0,0,normal,192.168.65.7_2376_192.168.65.1_38314
0.04982,419,60,0,0,0,1,0,0,0,0,0,0,0,0,0,0,0,0,1,1,0,0,0,0,0,0,0,0,0,0,0,0,0,0,0,0,0,normal,192.168.65.1_20357_192.168.65.7_2376
0.049388,2622,60,0,0,0,1,0,0,0,0,0,0,0,0,0,0,0,0,1,1,0,0,0,0,0,0,0,0,0,0,0,0,0,0,0,0,0,normal,192.168.65.7_2376_192.168.65.1_20357
0.002924,414,60,0,0,0,1,0,0,0,0,0,0,0,0,0,0,0,0,1,1,0,0,0,0,0,0,0,0,0,0,0,0,0,0,0,0,0,normal,192.168.65.1_42521_192.168.65.7_2376
0.002318,513,60,0,0,0,1,0,0,0,0,0,0,0,0,0,0,0,0,1,1,0,0,0,0,0,0,0,0,0,0,0,0,0,0,0,0,0,normal,192.168.65.7_2376_192.168.65.1_42521
0.005781,655,60,0,0,0,1,0,0,0,0,0,0,0,0,0,0,0,0,1,1,0,0,0,0,0,0,0,0,0,0,0,0,0,0,0,0,0,normal,192.168.65.1_31818_192.168.65.7_2376
0.00526,3350,60,0,0,0,1,0,0,0,0,0,0,0,0,0,0,0,0,1,1,0,0,0,0,0,0,0,0,0,0,0,0,0,0,0,0,0,normal,192.168.65.7_2376_192.168.65.1_31818
0.005086,592,60,0,0,0,1,0,0,0,0,0,0,0,0,0,0,0,0,1,1,0,0,0,0,0,0,0,0,0,0,0,0,0,0,0,0,0,normal,192.168.65.1_61240_192.168.65.7_2376
0.00461,6423,60,0,0,0,1,0,0,0,0,0,0,0,0,0,0,0,0,1,1,0,0,0,0,0,0,0,0,0,0,0,0,0,0,0,0,0,normal,192.168.65.7_2376_192.168.65.1_61240
0.813193,803,60,0,0,0,1,0,0,0,0,0,0,0,0,0,0,0,0,1,1,0,0,0,0,0,0,0,0,0,0,0,0,0,0,0,0,0,normal,192.168.65.1_25101_192.168.65.7_2376
0.812035,6389,60,0,0,0,1,0,0,0,0,0,0,0,0,0,0,0,0,1,1,0,0,0,0,0,0,0,0,0,0,0,0,0,0,0,0,0,normal,192.168.65.7_2376_192.168.65.1_25101
0.004287,414,60,0,0,0,1,0,0,0,0,0,0,0,0,0,0,0,0,1,1,0,0,0,0,0,0,0,0,0,0,0,0,0,0,0,0,0,normal,192.168.65.1_58696_192.168.65.7_2376
0.003225,513,60,0,0,0,1,0,0,0,0,0,0,0,0,0,0,0,0,1,1,0,0,0,0,0,0,0,0,0,0,0,0,0,0,0,0,0,normal,192.168.65.7_2376_192.168.65.1_58696
2.065209,588,60,0,0,0,1,0,0,0,0,0,0,0,0,0,0,0,0,1,1,0,0,0,0,0,0,0,0,0,0,0,0,0,0,0,0,0,normal,192.168.65.1_36887_192.168.65.7_2376
2.06305,486,60,0,0,0,1,0,0,0,0,0,0,0,0,0,0,0,0,1,1,0,0,0,0,0,0,0,0,0,0,0,0,0,0,0,0,0,normal,192.168.65.7_2376_192.168.65.1_36887
0.033909,643,60,0,0,0,1,0,0,0,0,0,0,0,0,0,0,0,0,1,1,0,0,0,0,0,0,0,0,0,0,0,0,0,0,0,0,0,normal,192.168.65.1_47905_192.168.65.7_2376
0.032727,8026,60,0,0,0,1,0,0,0,0,0,0,0,0,0,0,0,0,1,1,0,0,0,0,0,0,0,0,0,0,0,0,0,0,0,0,0,normal,192.168.65.7_2376_192.168.65.1_47905
2.020119,560,60,0,0,0,1,0,0,0,0,0,0,0,0,0,0,0,0,1,1,0,0,0,0,0,0,0,0,0,0,0,0,0,0,0,0,0,normal,192.168.65.1_25026_192.168.65.7_2376
2.018957,2353,60,0,0,0,1,0,0,0,0,0,0,0,0,0,0,0,0,1,1,0,0,0,0,0,0,0,0,0,0,0,0,0,0,0,0,0,normal,192.168.65.7_2376_192.168.65.1_25026
1.011478,664,60,0,0,0,1,0,0,0,0,0,0,0,0,0,0,0,0,1,1,0,0,0,0,0,0,0,0,0,0,0,0,0,0,0,0,0,normal,192.168.65.1_49380_192.168.65.7_2376
1.010331,2503,60,0,0,0,1,0,0,0,0,0,0,0,0,0,0,0,0,1,1,0,0,0,0,0,0,0,0,0,0,0,0,0,0,0,0,0,normal,192.168.65.7_2376_192.168.65.1_49380
2.01978,560,60,0,0,0,1,0,0,0,0,0,0,0,0,0,0,0,0,1,1,0,0,0,0,0,0,0,0,0,0,0,0,0,0,0,0,0,normal,192.168.65.1_64866_192.168.65.7_2376
2.018849,2517,60,0,0,0,1,0,0,0,0,0,0,0,0,0,0,0,0,1,1,0,0,0,0,0,0,0,0,0,0,0,0,0,0,0,0,0,normal,192.168.65.7_2376_192.168.65.1_64866
0.004034,414,60,0,0,0,1,0,0,0,0,0,0,0,0,0,0,0,0,1,1,0,0,0,0,0,0,0,0,0,0,0,0,0,0,0,0,0,normal,192.168.65.1_28912_192.168.65.7_2376
0.003382,513,60,0,0,0,1,0,0,0,0,0,0,0,0,0,0,0,0,1,1,0,0,0,0,0,0,0,0,0,0,0,0,0,0,0,0,0,normal,192.168.65.7_2376_192.168.65.1_28912
2.058232,588,60,0,0,0,1,0,0,0,0,0,0,0,0,0,0,0,0,1,1,0,0,0,0,0,0,0,0,0,0,0,0,0,0,0,0,0,normal,192.168.65.1_22144_192.168.65.7_2376
2.057556,486,60,0,0,0,1,0,0,0,0,0,0,0,0,0,0,0,0,1,1,0,0,0,0,0,0,0,0,0,0,0,0,0,0,0,0,0,normal,192.168.65.7_2376_192.168.65.1_22144
0.030349,487,60,0,0,0,1,0,0,0,0,0,0,0,0,0,0,0,0,1,1,0,0,0,0,0,0,0,0,0,0,0,0,0,0,0,0,0,normal,192.168.65.1_42996_192.168.65.7_2376
0.030011,8026,60,0,0,0,1,0,0,0,0,0,0,0,0,0,0,0,0,1,1,0,0,0,0,0,0,0,0,0,0,0,0,0,0,0,0,0,normal,192.168.65.7_2376_192.168.65.1_42996
1.01185,664,60,0,0,0,1,0,0,0,0,0,0,0,0,0,0,0,0,1,1,0,0,0,0,0,0,0,0,0,0,0,0,0,0,0,0,0,normal,192.168.65.1_39269_192.168.65.7_2376
1.011095,2502,60,0,0,0,1,0,0,0,0,0,0,0,0,0,0,0,0,1,1,0,0,0,0,0,0,0,0,0,0,0,0,0,0,0,0,0,normal,192.168.65.7_2376_192.168.65.1_39269
2.017759,664,60,0,0,0,1,0,0,0,0,0,0,0,0,0,0,0,0,1,1,0,0,0,0,0,0,0,0,0,0,0,0,0,0,0,0,0,normal,192.168.65.1_32460_192.168.65.7_2376
2.016844,2355,60,0,0,0,1,0,0,0,0,0,0,0,0,0,0,0,0,1,1,0,0,0,0,0,0,0,0,0,0,0,0,0,0,0,0,0,normal,192.168.65.7_2376_192.168.65.1_32460
2.006333,664,60,0,0,0,1,0,0,0,0,0,0,0,0,0,0,0,0,1,1,0,0,0,0,0,0,0,0,0,0,0,0,0,0,0,0,0,normal,192.168.65.1_55708_192.168.65.7_2376
2.005506,2517,60,0,0,0,1,0,0,0,0,0,0,0,0,0,0,0,0,1,1,0,0,0,0,0,0,0,0,0,0,0,0,0,0,0,0,0,normal,192.168.65.7_2376_192.168.65.1_55708
0.005418,414,60,0,0,0,1,0,0,0,0,0,0,0,0,0,0,0,0,1,1,0,0,0,0,0,0,0,0,0,0,0,0,0,0,0,0,0,normal,192.168.65.1_29288_192.168.65.7_2376
0.004318,513,60,0,0,0,1,0,0,0,0,0,0,0,0,0,0,0,0,1,1,0,0,0,0,0,0,0,0,0,0,0,0,0,0,0,0,0,normal,192.168.65.7_2376_192.168.65.1_29288
2.127176,588,60,0,0,0,1,0,0,0,0,0,0,0,0,0,0,0,0,1,1,0,0,0,0,0,0,0,0,0,0,0,0,0,0,0,0,0,normal,192.168.65.1_45943_192.168.65.7_2376
2.126192,486,60,0,0,0,1,0,0,0,0,0,0,0,0,0,0,0,0,1,1,0,0,0,0,0,0,0,0,0,0,0,0,0,0,0,0,0,normal,192.168.65.7_2376_192.168.65.1_45943
0.053602,487,60,0,0,0,1,0,0,0,0,0,0,0,0,0,0,0,0,1,1,0,0,0,0,0,0,0,0,0,0,0,0,0,0,0,0,0,normal,192.168.65.1_22001_192.168.65.7_2376
0.05302,8026,60,0,0,0,1,0,0,0,0,0,0,0,0,0,0,0,0,1,1,0,0,0,0,0,0,0,0,0,0,0,0,0,0,0,0,0,normal,192.168.65.7_2376_192.168.65.1_22001
1.011037,560,60,0,0,0,1,0,0,0,0,0,0,0,0,0,0,0,0,1,1,0,0,0,0,0,0,0,0,0,0,0,0,0,0,0,0,0,normal,192.168.65.1_60823_192.168.65.7_2376
1.010172,2353,60,0,0,0,1,0,0,0,0,0,0,0,0,0,0,0,0,1,1,0,0,0,0,0,0,0,0,0,0,0,0,0,0,0,0,0,normal,192.168.65.7_2376_192.168.65.1_60823
1.011295,560,60,0,0,0,1,0,0,0,0,0,0,0,0,0,0,0,0,1,1,0,0,0,0,0,0,0,0,0,0,0,0,0,0,0,0,0,normal,192.168.65.1_56772_192.168.65.7_2376
1.010816,2515,60,0,0,0,1,0,0,0,0,0,0,0,0,0,0,0,0,1,1,0,0,0,0,0,0,0,0,0,0,0,0,0,0,0,0,0,normal,192.168.65.7_2376_192.168.65.1_56772
2.04721,664,60,0,0,0,1,0,0,0,0,0,0,0,0,0,0,0,0,1,1,0,0,0,0,0,0,0,0,0,0,0,0,0,0,0,0,0,normal,192.168.65.1_22232_192.168.65.7_2376
2.046199,2502,60,0,0,0,1,0,0,0,0,0,0,0,0,0,0,0,0,1,1,0,0,0,0,0,0,0,0,0,0,0,0,0,0,0,0,0,normal,192.168.65.7_2376_192.168.65.1_22232
0.005103,572,60,0,0,0,1,0,0,0,0,0,0,0,0,0,0,0,0,1,1,0,0,0,0,0,0,0,0,0,0,0,0,0,0,0,0,0,normal,192.168.65.1_44367_192.168.65.7_2376
0.003566,2877,60,0,0,0,1,0,0,0,0,0,0,0,0,0,0,0,0,1,1,0,0,0,0,0,0,0,0,0,0,0,0,0,0,0,0,0,normal,192.168.65.7_2376_192.168.65.1_44367
0.005853,533,60,0,0,0,1,0,0,0,0,0,0,0,0,0,0,0,0,1,1,0,0,0,0,0,0,0,0,0,0,0,0,0,0,0,0,0,normal,192.168.65.1_40425_192.168.65.7_2376
0.005301,2048,60,0,0,0,1,0,0,0,0,0,0,0,0,0,0,0,0,1,1,0,0,0,0,0,0,0,0,0,0,0,0,0,0,0,0,0,normal,192.168.65.7_2376_192.168.65.1_40425
0.005669,533,60,0,0,0,1,0,0,0,0,0,0,0,0,0,0,0,0,1,1,0,0,0,0,0,0,0,0,0,0,0,0,0,0,0,0,0,normal,192.168.65.1_51872_192.168.65.7_2376
0.005153,1211,60,0,0,0,1,0,0,0,0,0,0,0,0,0,0,0,0,1,1,0,0,0,0,0,0,0,0,0,0,0,0,0,0,0,0,0,normal,192.168.65.7_2376_192.168.65.1_51872
0.005228,533,60,0,0,0,1,0,0,0,0,0,0,0,0,0,0,0,0,1,1,0,0,0,0,0,0,0,0,0,0,0,0,0,0,0,0,0,normal,192.168.65.1_42101_192.168.65.7_2376
0.004595,1382,60,0,0,0,1,0,0,0,0,0,0,0,0,0,0,0,0,1,1,0,0,0,0,0,0,0,0,0,0,0,0,0,0,0,0,0,normal,192.168.65.7_2376_192.168.65.1_42101
0.00488,585,60,0,0,0,1,0,0,0,0,0,0,0,0,0,0,0,0,1,1,0,0,0,0,0,0,0,0,0,0,0,0,0,0,0,0,0,normal,192.168.65.1_25657_192.168.65.7_2376
0.004248,959,60,0,0,0,1,0,0,0,0,0,0,0,0,0,0,0,0,1,1,0,0,0,0,0,0,0,0,0,0,0,0,0,0,0,0,0,normal,192.168.65.7_2376_192.168.65.1_25657
0.004318,414,60,0,0,0,1,0,0,0,0,0,0,0,0,0,0,0,0,1,1,0,0,0,0,0,0,0,0,0,0,0,0,0,0,0,0,0,normal,192.168.65.1_32288_192.168.65.7_2376
0.00342,513,60,0,0,0,1,0,0,0,0,0,0,0,0,0,0,0,0,1,1,0,0,0,0,0,0,0,0,0,0,0,0,0,0,0,0,0,normal,192.168.65.7_2376_192.168.65.1_32288
2.096997,588,60,0,0,0,1,0,0,0,0,0,0,0,0,0,0,0,0,1,1,0,0,0,0,0,0,0,0,0,0,0,0,0,0,0,0,0,normal,192.168.65.1_33802_192.168.65.7_2376
2.09557,486,60,0,0,0,1,0,0,0,0,0,0,0,0,0,0,0,0,1,1,0,0,0,0,0,0,0,0,0,0,0,0,0,0,0,0,0,normal,192.168.65.7_2376_192.168.65.1_33802
0.035536,487,60,0,0,0,1,0,0,0,0,0,0,0,0,0,0,0,0,1,1,0,0,0,0,0,0,0,0,0,0,0,0,0,0,0,0,0,normal,192.168.65.1_19762_192.168.65.7_2376
0.035106,8026,60,0,0,0,1,0,0,0,0,0,0,0,0,0,0,0,0,1,1,0,0,0,0,0,0,0,0,0,0,0,0,0,0,0,0,0,normal,192.168.65.7_2376_192.168.65.1_19762
1.037818,664,60,0,0,0,1,0,0,0,0,0,0,0,0,0,0,0,0,1,1,0,0,0,0,0,0,0,0,0,0,0,0,0,0,0,0,0,normal,192.168.65.1_64966_192.168.65.7_2376
1.036965,2517,60,0,0,0,1,0,0,0,0,0,0,0,0,0,0,0,0,1,1,0,0,0,0,0,0,0,0,0,0,0,0,0,0,0,0,0,normal,192.168.65.7_2376_192.168.65.1_64966
2.045208,664,60,0,0,0,1,0,0,0,0,0,0,0,0,0,0,0,0,1,1,0,0,0,0,0,0,0,0,0,0,0,0,0,0,0,0,0,normal,192.168.65.1_38637_192.168.65.7_2376
2.044582,2503,60,0,0,0,1,0,0,0,0,0,0,0,0,0,0,0,0,1,1,0,0,0,0,0,0,0,0,0,0,0,0,0,0,0,0,0,normal,192.168.65.7_2376_192.168.65.1_38637
2.034258,560,60,0,0,0,1,0,0,0,0,0,0,0,0,0,0,0,0,1,1,0,0,0,0,0,0,0,0,0,0,0,0,0,0,0,0,0,normal,192.168.65.1_33740_192.168.65.7_2376
2.033812,2355,60,0,0,0,1,0,0,0,0,0,0,0,0,0,0,0,0,1,1,0,0,0,0,0,0,0,0,0,0,0,0,0,0,0,0,0,normal,192.168.65.7_2376_192.168.65.1_33740
0.035858,484,60,0,0,0,1,0,0,0,0,0,0,0,0,0,0,0,0,1,1,0,0,0,0,0,0,0,0,0,0,0,0,0,0,0,0,0,normal,192.168.65.1_47913_192.168.65.7_2376
0.035048,8026,60,0,0,0,1,0,0,0,0,0,0,0,0,0,0,0,0,1,1,0,0,0,0,0,0,0,0,0,0,0,0,0,0,0,0,0,normal,192.168.65.7_2376_192.168.65.1_47913
0.006174,414,60,0,0,0,1,0,0,0,0,0,0,0,0,0,0,0,0,1,1,0,0,0,0,0,0,0,0,0,0,0,0,0,0,0,0,0,normal,192.168.65.1_31413_192.168.65.7_2376
0.004807,513,60,0,0,0,1,0,0,0,0,0,0,0,0,0,0,0,0,1,1,0,0,0,0,0,0,0,0,0,0,0,0,0,0,0,0,0,normal,192.168.65.7_2376_192.168.65.1_31413
0.00315,432,60,0,0,0,1,0,0,0,0,0,0,0,0,0,0,0,0,1,1,0,0,0,0,0,0,0,0,0,0,0,0,0,0,0,0,0,normal,192.168.65.1_43914_192.168.65.7_2376
0.002098,377,60,0,0,0,1,0,0,0,0,0,0,0,0,0,0,0,0,1,1,0,0,0,0,0,0,0,0,0,0,0,0,0,0,0,0,0,normal,192.168.65.7_2376_192.168.65.1_43914
0.035591,331,60,0,0,0,1,0,0,0,0,0,0,0,0,0,0,0,0,1,1,0,0,0,0,0,0,0,0,0,0,0,0,0,0,0,0,0,normal,192.168.65.1_20826_192.168.65.7_2376
0.03469,7974,60,0,0,0,1,0,0,0,0,0,0,0,0,0,0,0,0,1,1,0,0,0,0,0,0,0,0,0,0,0,0,0,0,0,0,0,normal,192.168.65.7_2376_192.168.65.1_20826
